


-- 初始化权限数据
INSERT INTO `backend`.`BN_SYSMENU` (`name`, `route_name`, `pid`, `icon`, `type`, `permission_char`, `sort`, `redirect`, `router_path`, `keep_alive`, `component_path`, `status`, `is_frame`, `description`, `id`, `is_deleted`, `create_by`, `create_time`, `update_by`, `update_time`) VALUES ('系统管理', '系统管理', 0, NULL, 1, NULL, 1, NULL, '/system', 1, NULL, 1, 0, '系统管理', 1, 0, 'superadmin', '2025-04-15 16:16:52', 'superadmin', '2025-04-15 16:16:52');
INSERT INTO `backend`.`BN_SYSMENU` (`name`, `route_name`, `pid`, `icon`, `type`, `permission_char`, `sort`, `redirect`, `router_path`, `keep_alive`, `component_path`, `status`, `is_frame`, `description`, `id`, `is_deleted`, `create_by`, `create_time`, `update_by`, `update_time`) VALUES ('用户管理', '用户管理', 1, NULL, 2, NULL, 1, NULL, '/user', 1, NULL, 1, 0, '用户管理', 2, 0, 'superadmin', '2025-04-15 16:21:10', 'superadmin', '2025-04-15 16:21:10');
INSERT INTO `backend`.`BN_SYSMENU` (`name`, `route_name`, `pid`, `icon`, `type`, `permission_char`, `sort`, `redirect`, `router_path`, `keep_alive`, `component_path`, `status`, `is_frame`, `description`, `id`, `is_deleted`, `create_by`, `create_time`, `update_by`, `update_time`) VALUES ('添加用户', NULL, 2, NULL, 3, 'system:user:add', 1, NULL, NULL, 1, NULL, 1, 0, '添加用户权限', 3, 0, 'superadmin', '2025-04-15 16:58:32', 'superadmin', '2025-04-15 16:58:35');
INSERT INTO `backend`.`BN_SYSMENU` (`name`, `route_name`, `pid`, `icon`, `type`, `permission_char`, `sort`, `redirect`, `router_path`, `keep_alive`, `component_path`, `status`, `is_frame`, `description`, `id`, `is_deleted`, `create_by`, `create_time`, `update_by`, `update_time`) VALUES ('查询用户', NULL, 2, NULL, 3, 'system:user:list', 2, NULL, NULL, 1, NULL, 1, 0, '查询用户权限', 4, 0, 'superadmin', '2025-04-15 16:58:32', 'superadmin', '2025-04-15 16:58:35');
INSERT INTO `backend`.`BN_SYSMENU` (`name`, `route_name`, `pid`, `icon`, `type`, `permission_char`, `sort`, `redirect`, `router_path`, `keep_alive`, `component_path`, `status`, `is_frame`, `description`, `id`, `is_deleted`, `create_by`, `create_time`, `update_by`, `update_time`) VALUES ('修改用户', NULL, 2, NULL, 3, 'system:user:edit', 3, NULL, NULL, 1, NULL, 1, 0, '修改用户权限', 5, 0, 'superadmin', '2025-04-15 16:58:32', 'superadmin', '2025-04-15 16:58:35');
INSERT INTO `backend`.`BN_SYSMENU` (`name`, `route_name`, `pid`, `icon`, `type`, `permission_char`, `sort`, `redirect`, `router_path`, `keep_alive`, `component_path`, `status`, `is_frame`, `description`, `id`, `is_deleted`, `create_by`, `create_time`, `update_by`, `update_time`) VALUES ('删除用户', NULL, 2, NULL, 3, 'system:user:delete', 4, NULL, NULL, 1, NULL, 1, 0, '删除用户权限', 6, 0, 'superadmin', '2025-04-15 16:58:32', 'superadmin', '2025-04-15 16:58:35');
INSERT INTO `backend`.`BN_SYSMENU` (`name`, `route_name`, `pid`, `icon`, `type`, `permission_char`, `sort`, `redirect`, `router_path`, `keep_alive`, `component_path`, `status`, `is_frame`, `description`, `id`, `is_deleted`, `create_by`, `create_time`, `update_by`, `update_time`) VALUES ('角色管理', '角色管理', 1, NULL, 2, NULL, 2, NULL, '/role', 1, NULL, 1, 0, '角色管理', 7, 0, 'superadmin', '2025-04-15 17:00:00', 'superadmin', '2025-04-15 17:00:00');
INSERT INTO `backend`.`BN_SYSMENU` (`name`, `route_name`, `pid`, `icon`, `type`, `permission_char`, `sort`, `redirect`, `router_path`, `keep_alive`, `component_path`, `status`, `is_frame`, `description`, `id`, `is_deleted`, `create_by`, `create_time`, `update_by`, `update_time`) VALUES ('添加角色', NULL, 7, NULL, 3, 'system:role:add', 1, NULL, NULL, 1, NULL, 1, 0, '添加角色权限', 8, 0, 'superadmin', '2025-04-15 17:00:00', 'superadmin', '2025-04-15 17:00:00');
INSERT INTO `backend`.`BN_SYSMENU` (`name`, `route_name`, `pid`, `icon`, `type`, `permission_char`, `sort`, `redirect`, `router_path`, `keep_alive`, `component_path`, `status`, `is_frame`, `description`, `id`, `is_deleted`, `create_by`, `create_time`, `update_by`, `update_time`) VALUES ('查询角色', NULL, 7, NULL, 3, 'system:role:list', 2, NULL, NULL, 1, NULL, 1, 0, '查询角色权限', 9, 0, 'superadmin', '2025-04-15 17:00:00', 'superadmin', '2025-04-15 17:00:00');
INSERT INTO `backend`.`BN_SYSMENU` (`name`, `route_name`, `pid`, `icon`, `type`, `permission_char`, `sort`, `redirect`, `router_path`, `keep_alive`, `component_path`, `status`, `is_frame`, `description`, `id`, `is_deleted`, `create_by`, `create_time`, `update_by`, `update_time`) VALUES ('修改角色', NULL, 7, NULL, 3, 'system:role:edit', 3, NULL, NULL, 1, NULL, 1, 0, '修改角色权限', 10, 0, 'superadmin', '2025-04-15 17:00:00', 'superadmin', '2025-04-15 17:00:00');
INSERT INTO `backend`.`BN_SYSMENU` (`name`, `route_name`, `pid`, `icon`, `type`, `permission_char`, `sort`, `redirect`, `router_path`, `keep_alive`, `component_path`, `status`, `is_frame`, `description`, `id`, `is_deleted`, `create_by`, `create_time`, `update_by`, `update_time`) VALUES ('删除角色', NULL, 7, NULL, 3, 'system:role:delete', 4, NULL, NULL, 1, NULL, 1, 0, '删除角色权限', 11, 0, 'superadmin', '2025-04-15 17:00:00', 'superadmin', '2025-04-15 17:00:00');
INSERT INTO `backend`.`BN_SYSMENU` (`name`, `route_name`, `pid`, `icon`, `type`, `permission_char`, `sort`, `redirect`, `router_path`, `keep_alive`, `component_path`, `status`, `is_frame`, `description`, `id`, `is_deleted`, `create_by`, `create_time`, `update_by`, `update_time`) VALUES ('菜单管理', '菜单管理', 1, NULL, 2, NULL, 3, NULL, '/menu', 1, NULL, 1, 0, '菜单管理', 12, 0, 'superadmin', '2025-04-15 17:00:00', 'superadmin', '2025-04-15 17:00:00');
INSERT INTO `backend`.`BN_SYSMENU` (`name`, `route_name`, `pid`, `icon`, `type`, `permission_char`, `sort`, `redirect`, `router_path`, `keep_alive`, `component_path`, `status`, `is_frame`, `description`, `id`, `is_deleted`, `create_by`, `create_time`, `update_by`, `update_time`) VALUES ('添加菜单', NULL, 12, NULL, 3, 'system:menu:add', 1, NULL, NULL, 1, NULL, 1, 0, '添加菜单权限', 13, 0, 'superadmin', '2025-04-15 17:00:00', 'superadmin', '2025-04-15 17:00:00');
INSERT INTO `backend`.`BN_SYSMENU` (`name`, `route_name`, `pid`, `icon`, `type`, `permission_char`, `sort`, `redirect`, `router_path`, `keep_alive`, `component_path`, `status`, `is_frame`, `description`, `id`, `is_deleted`, `create_by`, `create_time`, `update_by`, `update_time`) VALUES ('查询菜单', NULL, 12, NULL, 3, 'system:menu:list', 2, NULL, NULL, 1, NULL, 1, 0, '查询菜单权限', 14, 0, 'superadmin', '2025-04-15 17:00:00', 'superadmin', '2025-04-15 17:00:00');
INSERT INTO `backend`.`BN_SYSMENU` (`name`, `route_name`, `pid`, `icon`, `type`, `permission_char`, `sort`, `redirect`, `router_path`, `keep_alive`, `component_path`, `status`, `is_frame`, `description`, `id`, `is_deleted`, `create_by`, `create_time`, `update_by`, `update_time`) VALUES ('修改菜单', NULL, 12, NULL, 3, 'system:menu:edit', 3, NULL, NULL, 1, NULL, 1, 0, '修改菜单权限', 15, 0, 'superadmin', '2025-04-15 17:00:00', 'superadmin', '2025-04-15 17:00:00');
INSERT INTO `backend`.`BN_SYSMENU` (`name`, `route_name`, `pid`, `icon`, `type`, `permission_char`, `sort`, `redirect`, `router_path`, `keep_alive`, `component_path`, `status`, `is_frame`, `description`, `id`, `is_deleted`, `create_by`, `create_time`, `update_by`, `update_time`) VALUES ('删除菜单', NULL, 12, NULL, 3, 'system:menu:delete', 4, NULL, NULL, 1, NULL, 1, 0, '删除菜单权限', 16, 0, 'superadmin', '2025-04-15 17:00:00', 'superadmin', '2025-04-15 17:00:00');
INSERT INTO `backend`.`BN_SYSMENU` (`name`, `route_name`, `pid`, `icon`, `type`, `permission_char`, `sort`, `redirect`, `router_path`, `keep_alive`, `component_path`, `status`, `is_frame`, `description`, `id`, `is_deleted`, `create_by`, `create_time`, `update_by`, `update_time`) VALUES ('网盘管理', '网盘管理', 1, NULL, 2, NULL, 4, NULL, '/disk', 1, NULL, 1, 0, '网盘管理', 17, 0, 'superadmin', '2025-04-15 17:00:00', 'superadmin', '2025-04-15 17:00:00');
INSERT INTO `backend`.`BN_SYSMENU` (`name`, `route_name`, `pid`, `icon`, `type`, `permission_char`, `sort`, `redirect`, `router_path`, `keep_alive`, `component_path`, `status`, `is_frame`, `description`, `id`, `is_deleted`, `create_by`, `create_time`, `update_by`, `update_time`) VALUES ('查询文件', NULL, 17, NULL, 3, 'disk:file:list', 1, NULL, NULL, 1, NULL, 1, 0, '查询文件权限', 18, 0, 'superadmin', '2025-04-15 17:00:00', 'superadmin', '2025-04-15 17:00:00');
INSERT INTO `backend`.`BN_SYSMENU` (`name`, `route_name`, `pid`, `icon`, `type`, `permission_char`, `sort`, `redirect`, `router_path`, `keep_alive`, `component_path`, `status`, `is_frame`, `description`, `id`, `is_deleted`, `create_by`, `create_time`, `update_by`, `update_time`) VALUES ('上传文件', NULL, 17, NULL, 3, 'disk:file:upload', 2, NULL, NULL, 1, NULL, 1, 0, '上传文件权限', 19, 0, 'superadmin', '2025-04-15 17:00:00', 'superadmin', '2025-04-15 17:00:00');
INSERT INTO `backend`.`BN_SYSMENU` (`name`, `route_name`, `pid`, `icon`, `type`, `permission_char`, `sort`, `redirect`, `router_path`, `keep_alive`, `component_path`, `status`, `is_frame`, `description`, `id`, `is_deleted`, `create_by`, `create_time`, `update_by`, `update_time`) VALUES ('下载文件', NULL, 17, NULL, 3, 'disk:file:download', 3, NULL, NULL, 1, NULL, 1, 0, '下载文件权限', 20, 0, 'superadmin', '2025-04-15 17:00:00', 'superadmin', '2025-04-15 17:00:00');
INSERT INTO `backend`.`BN_SYSMENU` (`name`, `route_name`, `pid`, `icon`, `type`, `permission_char`, `sort`, `redirect`, `router_path`, `keep_alive`, `component_path`, `status`, `is_frame`, `description`, `id`, `is_deleted`, `create_by`, `create_time`, `update_by`, `update_time`) VALUES ('创建目录', NULL, 17, NULL, 3, 'disk:file:mkdir', 4, NULL, NULL, 1, NULL, 1, 0, '创建目录权限', 21, 0, 'superadmin', '2025-04-15 17:00:00', 'superadmin', '2025-04-15 17:00:00');
INSERT INTO `backend`.`BN_SYSMENU` (`name`, `route_name`, `pid`, `icon`, `type`, `permission_char`, `sort`, `redirect`, `router_path`, `keep_alive`, `component_path`, `status`, `is_frame`, `description`, `id`, `is_deleted`, `create_by`, `create_time`, `update_by`, `update_time`) VALUES ('删除文件', NULL, 17, NULL, 3, 'disk:file:delete', 5, NULL, NULL, 1, NULL, 1, 0, '删除文件权限', 22, 0, 'superadmin', '2025-04-15 17:00:00', 'superadmin', '2025-04-15 17:00:00');
INSERT INTO `backend`.`BN_SYSMENU` (`name`, `route_name`, `pid`, `icon`, `type`, `permission_char`, `sort`, `redirect`, `router_path`, `keep_alive`, `component_path`, `status`, `is_frame`, `description`, `id`, `is_deleted`, `create_by`, `create_time`, `update_by`, `update_time`) VALUES ('重命名文件', NULL, 17, NULL, 3, 'disk:file:rename', 6, NULL, NULL, 1, NULL, 1, 0, '重命名文件权限', 23, 0, 'superadmin', '2025-04-15 17:00:00', 'superadmin', '2025-04-15 17:00:00');

-- 初始化角色数据
INSERT INTO `backend`.`BN_SYSROLE` (`name`, `permission_char`, `status`, `description`, `id`, `is_deleted`, `create_by`, `create_time`, `update_by`, `update_time`) VALUES ('管理员', 'admin', 1, '系统管理员', 1, 0, 'superadmin', '2025-04-15 17:10:00', 'superadmin', '2025-04-15 17:10:00');
INSERT INTO `backend`.`BN_SYSROLE` (`name`, `permission_char`, `status`, `description`, `id`, `is_deleted`, `create_by`, `create_time`, `update_by`, `update_time`) VALUES ('普通用户', 'user', 1, '普通用户', 2, 0, 'superadmin', '2025-04-15 17:10:00', 'superadmin', '2025-04-15 17:10:00');

-- 初始化角色权限关联
INSERT INTO `backend`.`BN_SYSROLE_MENU` (`role_id`, `menu_id`) VALUES (1, 1);
INSERT INTO `backend`.`BN_SYSROLE_MENU` (`role_id`, `menu_id`) VALUES (1, 2);
INSERT INTO `backend`.`BN_SYSROLE_MENU` (`role_id`, `menu_id`) VALUES (1, 3);
INSERT INTO `backend`.`BN_SYSROLE_MENU` (`role_id`, `menu_id`) VALUES (1, 4);
INSERT INTO `backend`.`BN_SYSROLE_MENU` (`role_id`, `menu_id`) VALUES (1, 5);
INSERT INTO `backend`.`BN_SYSROLE_MENU` (`role_id`, `menu_id`) VALUES (1, 6);
INSERT INTO `backend`.`BN_SYSROLE_MENU` (`role_id`, `menu_id`) VALUES (1, 7);
INSERT INTO `backend`.`BN_SYSROLE_MENU` (`role_id`, `menu_id`) VALUES (1, 8);
INSERT INTO `backend`.`BN_SYSROLE_MENU` (`role_id`, `menu_id`) VALUES (1, 9);
INSERT INTO `backend`.`BN_SYSROLE_MENU` (`role_id`, `menu_id`) VALUES (1, 10);
INSERT INTO `backend`.`BN_SYSROLE_MENU` (`role_id`, `menu_id`) VALUES (1, 11);
INSERT INTO `backend`.`BN_SYSROLE_MENU` (`role_id`, `menu_id`) VALUES (1, 12);
INSERT INTO `backend`.`BN_SYSROLE_MENU` (`role_id`, `menu_id`) VALUES (1, 13);
INSERT INTO `backend`.`BN_SYSROLE_MENU` (`role_id`, `menu_id`) VALUES (1, 14);
INSERT INTO `backend`.`BN_SYSROLE_MENU` (`role_id`, `menu_id`) VALUES (1, 15);
INSERT INTO `backend`.`BN_SYSROLE_MENU` (`role_id`, `menu_id`) VALUES (1, 16);
INSERT INTO `backend`.`BN_SYSROLE_MENU` (`role_id`, `menu_id`) VALUES (1, 17);
INSERT INTO `backend`.`BN_SYSROLE_MENU` (`role_id`, `menu_id`) VALUES (1, 18);
INSERT INTO `backend`.`BN_SYSROLE_MENU` (`role_id`, `menu_id`) VALUES (1, 19);
INSERT INTO `backend`.`BN_SYSROLE_MENU` (`role_id`, `menu_id`) VALUES (1, 20);
INSERT INTO `backend`.`BN_SYSROLE_MENU` (`role_id`, `menu_id`) VALUES (1, 21);
INSERT INTO `backend`.`BN_SYSROLE_MENU` (`role_id`, `menu_id`) VALUES (1, 22);
INSERT INTO `backend`.`BN_SYSROLE_MENU` (`role_id`, `menu_id`) VALUES (1, 23);
INSERT INTO `backend`.`BN_SYSROLE_MENU` (`role_id`, `menu_id`) VALUES (2, 17);
INSERT INTO `backend`.`BN_SYSROLE_MENU` (`role_id`, `menu_id`) VALUES (2, 18);
INSERT INTO `backend`.`BN_SYSROLE_MENU` (`role_id`, `menu_id`) VALUES (2, 19);
INSERT INTO `backend`.`BN_SYSROLE_MENU` (`role_id`, `menu_id`) VALUES (2, 20);
INSERT INTO `backend`.`BN_SYSROLE_MENU` (`role_id`, `menu_id`) VALUES (2, 21);
INSERT INTO `backend`.`BN_SYSROLE_MENU` (`role_id`, `menu_id`) VALUES (2, 22);
INSERT INTO `backend`.`BN_SYSROLE_MENU` (`role_id`, `menu_id`) VALUES (2, 23);
