"username","password","mail"
"u2602201654560001","Pass@1234","u2602201654560001@example.com"
"u2602201654560002","Pass@1234","u2602201654560002@example.com"
"u2602201654560003","Pass@1234","u2602201654560003@example.com"
"u2602201654560004","Pass@1234","u2602201654560004@example.com"
"u2602201654560005","Pass@1234","u2602201654560005@example.com"
"u2602201654560006","Pass@1234","u2602201654560006@example.com"
"u2602201654560007","Pass@1234","u2602201654560007@example.com"
"u2602201654560008","Pass@1234","u2602201654560008@example.com"
"u2602201654560009","Pass@1234","u2602201654560009@example.com"
"u2602201654560010","Pass@1234","u2602201654560010@example.com"
"u2602201654560011","Pass@1234","u2602201654560011@example.com"
"u2602201654560012","Pass@1234","u2602201654560012@example.com"
"u2602201654560013","Pass@1234","u2602201654560013@example.com"
"u2602201654560014","Pass@1234","u2602201654560014@example.com"
"u2602201654560015","Pass@1234","u2602201654560015@example.com"
"u2602201654560016","Pass@1234","u2602201654560016@example.com"
"u2602201654560017","Pass@1234","u2602201654560017@example.com"
"u2602201654560018","Pass@1234","u2602201654560018@example.com"
"u2602201654560019","Pass@1234","u2602201654560019@example.com"
"u2602201654560020","Pass@1234","u2602201654560020@example.com"
"u2602201654560021","Pass@1234","u2602201654560021@example.com"
"u2602201654560022","Pass@1234","u2602201654560022@example.com"
"u2602201654560023","Pass@1234","u2602201654560023@example.com"
"u2602201654560024","Pass@1234","u2602201654560024@example.com"
"u2602201654560025","Pass@1234","u2602201654560025@example.com"
"u2602201654560026","Pass@1234","u2602201654560026@example.com"
"u2602201654560027","Pass@1234","u2602201654560027@example.com"
"u2602201654560028","Pass@1234","u2602201654560028@example.com"
"u2602201654560029","Pass@1234","u2602201654560029@example.com"
"u2602201654560030","Pass@1234","u2602201654560030@example.com"
"u2602201654560031","Pass@1234","u2602201654560031@example.com"
"u2602201654560032","Pass@1234","u2602201654560032@example.com"
"u2602201654560033","Pass@1234","u2602201654560033@example.com"
"u2602201654560034","Pass@1234","u2602201654560034@example.com"
"u2602201654560035","Pass@1234","u2602201654560035@example.com"
"u2602201654560036","Pass@1234","u2602201654560036@example.com"
"u2602201654560037","Pass@1234","u2602201654560037@example.com"
"u2602201654560038","Pass@1234","u2602201654560038@example.com"
"u2602201654560039","Pass@1234","u2602201654560039@example.com"
"u2602201654560040","Pass@1234","u2602201654560040@example.com"
"u2602201654560041","Pass@1234","u2602201654560041@example.com"
"u2602201654560042","Pass@1234","u2602201654560042@example.com"
"u2602201654560043","Pass@1234","u2602201654560043@example.com"
"u2602201654560044","Pass@1234","u2602201654560044@example.com"
"u2602201654560045","Pass@1234","u2602201654560045@example.com"
"u2602201654560046","Pass@1234","u2602201654560046@example.com"
"u2602201654560047","Pass@1234","u2602201654560047@example.com"
"u2602201654560048","Pass@1234","u2602201654560048@example.com"
"u2602201654560049","Pass@1234","u2602201654560049@example.com"
"u2602201654560050","Pass@1234","u2602201654560050@example.com"
"u2602201654560051","Pass@1234","u2602201654560051@example.com"
"u2602201654560052","Pass@1234","u2602201654560052@example.com"
"u2602201654560053","Pass@1234","u2602201654560053@example.com"
"u2602201654560054","Pass@1234","u2602201654560054@example.com"
"u2602201654560055","Pass@1234","u2602201654560055@example.com"
"u2602201654560056","Pass@1234","u2602201654560056@example.com"
"u2602201654560057","Pass@1234","u2602201654560057@example.com"
"u2602201654560058","Pass@1234","u2602201654560058@example.com"
"u2602201654560059","Pass@1234","u2602201654560059@example.com"
"u2602201654560060","Pass@1234","u2602201654560060@example.com"
"u2602201654560061","Pass@1234","u2602201654560061@example.com"
"u2602201654560062","Pass@1234","u2602201654560062@example.com"
"u2602201654560063","Pass@1234","u2602201654560063@example.com"
"u2602201654560064","Pass@1234","u2602201654560064@example.com"
"u2602201654560065","Pass@1234","u2602201654560065@example.com"
"u2602201654560066","Pass@1234","u2602201654560066@example.com"
"u2602201654560067","Pass@1234","u2602201654560067@example.com"
"u2602201654560068","Pass@1234","u2602201654560068@example.com"
"u2602201654560069","Pass@1234","u2602201654560069@example.com"
"u2602201654560070","Pass@1234","u2602201654560070@example.com"
"u2602201654560071","Pass@1234","u2602201654560071@example.com"
"u2602201654560072","Pass@1234","u2602201654560072@example.com"
"u2602201654560073","Pass@1234","u2602201654560073@example.com"
"u2602201654560074","Pass@1234","u2602201654560074@example.com"
"u2602201654560075","Pass@1234","u2602201654560075@example.com"
"u2602201654560076","Pass@1234","u2602201654560076@example.com"
"u2602201654560077","Pass@1234","u2602201654560077@example.com"
"u2602201654560078","Pass@1234","u2602201654560078@example.com"
"u2602201654560079","Pass@1234","u2602201654560079@example.com"
"u2602201654560080","Pass@1234","u2602201654560080@example.com"
"u2602201654560081","Pass@1234","u2602201654560081@example.com"
"u2602201654560082","Pass@1234","u2602201654560082@example.com"
"u2602201654560083","Pass@1234","u2602201654560083@example.com"
"u2602201654560084","Pass@1234","u2602201654560084@example.com"
"u2602201654560085","Pass@1234","u2602201654560085@example.com"
"u2602201654560086","Pass@1234","u2602201654560086@example.com"
"u2602201654560087","Pass@1234","u2602201654560087@example.com"
"u2602201654560088","Pass@1234","u2602201654560088@example.com"
"u2602201654560089","Pass@1234","u2602201654560089@example.com"
"u2602201654560090","Pass@1234","u2602201654560090@example.com"
"u2602201654560091","Pass@1234","u2602201654560091@example.com"
"u2602201654560092","Pass@1234","u2602201654560092@example.com"
"u2602201654560093","Pass@1234","u2602201654560093@example.com"
"u2602201654560094","Pass@1234","u2602201654560094@example.com"
"u2602201654560095","Pass@1234","u2602201654560095@example.com"
"u2602201654560096","Pass@1234","u2602201654560096@example.com"
"u2602201654560097","Pass@1234","u2602201654560097@example.com"
"u2602201654560098","Pass@1234","u2602201654560098@example.com"
"u2602201654560099","Pass@1234","u2602201654560099@example.com"
"u2602201654560100","Pass@1234","u2602201654560100@example.com"
"u2602201654560101","Pass@1234","u2602201654560101@example.com"
"u2602201654560102","Pass@1234","u2602201654560102@example.com"
"u2602201654560103","Pass@1234","u2602201654560103@example.com"
"u2602201654560104","Pass@1234","u2602201654560104@example.com"
"u2602201654560105","Pass@1234","u2602201654560105@example.com"
"u2602201654560106","Pass@1234","u2602201654560106@example.com"
"u2602201654560107","Pass@1234","u2602201654560107@example.com"
"u2602201654560108","Pass@1234","u2602201654560108@example.com"
"u2602201654560109","Pass@1234","u2602201654560109@example.com"
"u2602201654560110","Pass@1234","u2602201654560110@example.com"
"u2602201654560111","Pass@1234","u2602201654560111@example.com"
"u2602201654560112","Pass@1234","u2602201654560112@example.com"
"u2602201654560113","Pass@1234","u2602201654560113@example.com"
"u2602201654560114","Pass@1234","u2602201654560114@example.com"
"u2602201654560115","Pass@1234","u2602201654560115@example.com"
"u2602201654560116","Pass@1234","u2602201654560116@example.com"
"u2602201654560117","Pass@1234","u2602201654560117@example.com"
"u2602201654560118","Pass@1234","u2602201654560118@example.com"
"u2602201654560119","Pass@1234","u2602201654560119@example.com"
"u2602201654560120","Pass@1234","u2602201654560120@example.com"
"u2602201654560121","Pass@1234","u2602201654560121@example.com"
"u2602201654560122","Pass@1234","u2602201654560122@example.com"
"u2602201654560123","Pass@1234","u2602201654560123@example.com"
"u2602201654560124","Pass@1234","u2602201654560124@example.com"
"u2602201654560125","Pass@1234","u2602201654560125@example.com"
"u2602201654560126","Pass@1234","u2602201654560126@example.com"
"u2602201654560127","Pass@1234","u2602201654560127@example.com"
"u2602201654560128","Pass@1234","u2602201654560128@example.com"
"u2602201654560129","Pass@1234","u2602201654560129@example.com"
"u2602201654560130","Pass@1234","u2602201654560130@example.com"
"u2602201654560131","Pass@1234","u2602201654560131@example.com"
"u2602201654560132","Pass@1234","u2602201654560132@example.com"
"u2602201654560133","Pass@1234","u2602201654560133@example.com"
"u2602201654560134","Pass@1234","u2602201654560134@example.com"
"u2602201654560135","Pass@1234","u2602201654560135@example.com"
"u2602201654560136","Pass@1234","u2602201654560136@example.com"
"u2602201654560137","Pass@1234","u2602201654560137@example.com"
"u2602201654560138","Pass@1234","u2602201654560138@example.com"
"u2602201654560139","Pass@1234","u2602201654560139@example.com"
"u2602201654560140","Pass@1234","u2602201654560140@example.com"
"u2602201654560141","Pass@1234","u2602201654560141@example.com"
"u2602201654560142","Pass@1234","u2602201654560142@example.com"
"u2602201654560143","Pass@1234","u2602201654560143@example.com"
"u2602201654560144","Pass@1234","u2602201654560144@example.com"
"u2602201654560145","Pass@1234","u2602201654560145@example.com"
"u2602201654560146","Pass@1234","u2602201654560146@example.com"
"u2602201654560147","Pass@1234","u2602201654560147@example.com"
"u2602201654560148","Pass@1234","u2602201654560148@example.com"
"u2602201654560149","Pass@1234","u2602201654560149@example.com"
"u2602201654560150","Pass@1234","u2602201654560150@example.com"
"u2602201654560151","Pass@1234","u2602201654560151@example.com"
"u2602201654560152","Pass@1234","u2602201654560152@example.com"
"u2602201654560153","Pass@1234","u2602201654560153@example.com"
"u2602201654560154","Pass@1234","u2602201654560154@example.com"
"u2602201654560155","Pass@1234","u2602201654560155@example.com"
"u2602201654560156","Pass@1234","u2602201654560156@example.com"
"u2602201654560157","Pass@1234","u2602201654560157@example.com"
"u2602201654560158","Pass@1234","u2602201654560158@example.com"
"u2602201654560159","Pass@1234","u2602201654560159@example.com"
"u2602201654560160","Pass@1234","u2602201654560160@example.com"
"u2602201654560161","Pass@1234","u2602201654560161@example.com"
"u2602201654560162","Pass@1234","u2602201654560162@example.com"
"u2602201654560163","Pass@1234","u2602201654560163@example.com"
"u2602201654560164","Pass@1234","u2602201654560164@example.com"
"u2602201654560165","Pass@1234","u2602201654560165@example.com"
"u2602201654560166","Pass@1234","u2602201654560166@example.com"
"u2602201654560167","Pass@1234","u2602201654560167@example.com"
"u2602201654560168","Pass@1234","u2602201654560168@example.com"
"u2602201654560169","Pass@1234","u2602201654560169@example.com"
"u2602201654560170","Pass@1234","u2602201654560170@example.com"
"u2602201654560171","Pass@1234","u2602201654560171@example.com"
"u2602201654560172","Pass@1234","u2602201654560172@example.com"
"u2602201654560173","Pass@1234","u2602201654560173@example.com"
"u2602201654560174","Pass@1234","u2602201654560174@example.com"
"u2602201654560175","Pass@1234","u2602201654560175@example.com"
"u2602201654560176","Pass@1234","u2602201654560176@example.com"
"u2602201654560177","Pass@1234","u2602201654560177@example.com"
"u2602201654560178","Pass@1234","u2602201654560178@example.com"
"u2602201654560179","Pass@1234","u2602201654560179@example.com"
"u2602201654560180","Pass@1234","u2602201654560180@example.com"
"u2602201654560181","Pass@1234","u2602201654560181@example.com"
"u2602201654560182","Pass@1234","u2602201654560182@example.com"
"u2602201654560183","Pass@1234","u2602201654560183@example.com"
"u2602201654560184","Pass@1234","u2602201654560184@example.com"
"u2602201654560185","Pass@1234","u2602201654560185@example.com"
"u2602201654560186","Pass@1234","u2602201654560186@example.com"
"u2602201654560187","Pass@1234","u2602201654560187@example.com"
"u2602201654560188","Pass@1234","u2602201654560188@example.com"
"u2602201654560189","Pass@1234","u2602201654560189@example.com"
"u2602201654560190","Pass@1234","u2602201654560190@example.com"
"u2602201654560191","Pass@1234","u2602201654560191@example.com"
"u2602201654560192","Pass@1234","u2602201654560192@example.com"
"u2602201654560193","Pass@1234","u2602201654560193@example.com"
"u2602201654560194","Pass@1234","u2602201654560194@example.com"
"u2602201654560195","Pass@1234","u2602201654560195@example.com"
"u2602201654560196","Pass@1234","u2602201654560196@example.com"
"u2602201654560197","Pass@1234","u2602201654560197@example.com"
"u2602201654560198","Pass@1234","u2602201654560198@example.com"
"u2602201654560199","Pass@1234","u2602201654560199@example.com"
"u2602201654560200","Pass@1234","u2602201654560200@example.com"
"u2602201654560201","Pass@1234","u2602201654560201@example.com"
"u2602201654560202","Pass@1234","u2602201654560202@example.com"
"u2602201654560203","Pass@1234","u2602201654560203@example.com"
"u2602201654560204","Pass@1234","u2602201654560204@example.com"
"u2602201654560205","Pass@1234","u2602201654560205@example.com"
"u2602201654560206","Pass@1234","u2602201654560206@example.com"
"u2602201654560207","Pass@1234","u2602201654560207@example.com"
"u2602201654560208","Pass@1234","u2602201654560208@example.com"
"u2602201654560209","Pass@1234","u2602201654560209@example.com"
"u2602201654560210","Pass@1234","u2602201654560210@example.com"
"u2602201654560211","Pass@1234","u2602201654560211@example.com"
"u2602201654560212","Pass@1234","u2602201654560212@example.com"
"u2602201654560213","Pass@1234","u2602201654560213@example.com"
"u2602201654560214","Pass@1234","u2602201654560214@example.com"
"u2602201654560215","Pass@1234","u2602201654560215@example.com"
"u2602201654560216","Pass@1234","u2602201654560216@example.com"
"u2602201654560217","Pass@1234","u2602201654560217@example.com"
"u2602201654560218","Pass@1234","u2602201654560218@example.com"
"u2602201654560219","Pass@1234","u2602201654560219@example.com"
"u2602201654560220","Pass@1234","u2602201654560220@example.com"
"u2602201654560221","Pass@1234","u2602201654560221@example.com"
"u2602201654560222","Pass@1234","u2602201654560222@example.com"
"u2602201654560223","Pass@1234","u2602201654560223@example.com"
"u2602201654560224","Pass@1234","u2602201654560224@example.com"
"u2602201654560225","Pass@1234","u2602201654560225@example.com"
"u2602201654560226","Pass@1234","u2602201654560226@example.com"
"u2602201654560227","Pass@1234","u2602201654560227@example.com"
"u2602201654560228","Pass@1234","u2602201654560228@example.com"
"u2602201654560229","Pass@1234","u2602201654560229@example.com"
"u2602201654560230","Pass@1234","u2602201654560230@example.com"
"u2602201654560231","Pass@1234","u2602201654560231@example.com"
"u2602201654560232","Pass@1234","u2602201654560232@example.com"
"u2602201654560233","Pass@1234","u2602201654560233@example.com"
"u2602201654560234","Pass@1234","u2602201654560234@example.com"
"u2602201654560235","Pass@1234","u2602201654560235@example.com"
"u2602201654560236","Pass@1234","u2602201654560236@example.com"
"u2602201654560237","Pass@1234","u2602201654560237@example.com"
"u2602201654560238","Pass@1234","u2602201654560238@example.com"
"u2602201654560239","Pass@1234","u2602201654560239@example.com"
"u2602201654560240","Pass@1234","u2602201654560240@example.com"
"u2602201654560241","Pass@1234","u2602201654560241@example.com"
"u2602201654560242","Pass@1234","u2602201654560242@example.com"
"u2602201654560243","Pass@1234","u2602201654560243@example.com"
"u2602201654560244","Pass@1234","u2602201654560244@example.com"
"u2602201654560245","Pass@1234","u2602201654560245@example.com"
"u2602201654560246","Pass@1234","u2602201654560246@example.com"
"u2602201654560247","Pass@1234","u2602201654560247@example.com"
"u2602201654560248","Pass@1234","u2602201654560248@example.com"
"u2602201654560249","Pass@1234","u2602201654560249@example.com"
"u2602201654560250","Pass@1234","u2602201654560250@example.com"
"u2602201654560251","Pass@1234","u2602201654560251@example.com"
"u2602201654560252","Pass@1234","u2602201654560252@example.com"
"u2602201654560253","Pass@1234","u2602201654560253@example.com"
"u2602201654560254","Pass@1234","u2602201654560254@example.com"
"u2602201654560255","Pass@1234","u2602201654560255@example.com"
"u2602201654560256","Pass@1234","u2602201654560256@example.com"
"u2602201654560257","Pass@1234","u2602201654560257@example.com"
"u2602201654560258","Pass@1234","u2602201654560258@example.com"
"u2602201654560259","Pass@1234","u2602201654560259@example.com"
"u2602201654560260","Pass@1234","u2602201654560260@example.com"
"u2602201654560261","Pass@1234","u2602201654560261@example.com"
"u2602201654560262","Pass@1234","u2602201654560262@example.com"
"u2602201654560263","Pass@1234","u2602201654560263@example.com"
"u2602201654560264","Pass@1234","u2602201654560264@example.com"
"u2602201654560265","Pass@1234","u2602201654560265@example.com"
"u2602201654560266","Pass@1234","u2602201654560266@example.com"
"u2602201654560267","Pass@1234","u2602201654560267@example.com"
"u2602201654560268","Pass@1234","u2602201654560268@example.com"
"u2602201654560269","Pass@1234","u2602201654560269@example.com"
"u2602201654560270","Pass@1234","u2602201654560270@example.com"
"u2602201654560271","Pass@1234","u2602201654560271@example.com"
"u2602201654560272","Pass@1234","u2602201654560272@example.com"
"u2602201654560273","Pass@1234","u2602201654560273@example.com"
"u2602201654560274","Pass@1234","u2602201654560274@example.com"
"u2602201654560275","Pass@1234","u2602201654560275@example.com"
"u2602201654560276","Pass@1234","u2602201654560276@example.com"
"u2602201654560277","Pass@1234","u2602201654560277@example.com"
"u2602201654560278","Pass@1234","u2602201654560278@example.com"
"u2602201654560279","Pass@1234","u2602201654560279@example.com"
"u2602201654560280","Pass@1234","u2602201654560280@example.com"
"u2602201654560281","Pass@1234","u2602201654560281@example.com"
"u2602201654560282","Pass@1234","u2602201654560282@example.com"
"u2602201654560283","Pass@1234","u2602201654560283@example.com"
"u2602201654560284","Pass@1234","u2602201654560284@example.com"
"u2602201654560285","Pass@1234","u2602201654560285@example.com"
"u2602201654560286","Pass@1234","u2602201654560286@example.com"
"u2602201654560287","Pass@1234","u2602201654560287@example.com"
"u2602201654560288","Pass@1234","u2602201654560288@example.com"
"u2602201654560289","Pass@1234","u2602201654560289@example.com"
"u2602201654560290","Pass@1234","u2602201654560290@example.com"
"u2602201654560291","Pass@1234","u2602201654560291@example.com"
"u2602201654560292","Pass@1234","u2602201654560292@example.com"
"u2602201654560293","Pass@1234","u2602201654560293@example.com"
"u2602201654560294","Pass@1234","u2602201654560294@example.com"
"u2602201654560295","Pass@1234","u2602201654560295@example.com"
"u2602201654560296","Pass@1234","u2602201654560296@example.com"
"u2602201654560297","Pass@1234","u2602201654560297@example.com"
"u2602201654560298","Pass@1234","u2602201654560298@example.com"
"u2602201654560299","Pass@1234","u2602201654560299@example.com"
"u2602201654560300","Pass@1234","u2602201654560300@example.com"
"u2602201654560301","Pass@1234","u2602201654560301@example.com"
"u2602201654560302","Pass@1234","u2602201654560302@example.com"
"u2602201654560303","Pass@1234","u2602201654560303@example.com"
"u2602201654560304","Pass@1234","u2602201654560304@example.com"
"u2602201654560305","Pass@1234","u2602201654560305@example.com"
"u2602201654560306","Pass@1234","u2602201654560306@example.com"
"u2602201654560307","Pass@1234","u2602201654560307@example.com"
"u2602201654560308","Pass@1234","u2602201654560308@example.com"
"u2602201654560309","Pass@1234","u2602201654560309@example.com"
"u2602201654560310","Pass@1234","u2602201654560310@example.com"
"u2602201654560311","Pass@1234","u2602201654560311@example.com"
"u2602201654560312","Pass@1234","u2602201654560312@example.com"
"u2602201654560313","Pass@1234","u2602201654560313@example.com"
"u2602201654560314","Pass@1234","u2602201654560314@example.com"
"u2602201654560315","Pass@1234","u2602201654560315@example.com"
"u2602201654560316","Pass@1234","u2602201654560316@example.com"
"u2602201654560317","Pass@1234","u2602201654560317@example.com"
"u2602201654560318","Pass@1234","u2602201654560318@example.com"
"u2602201654560319","Pass@1234","u2602201654560319@example.com"
"u2602201654560320","Pass@1234","u2602201654560320@example.com"
"u2602201654560321","Pass@1234","u2602201654560321@example.com"
"u2602201654560322","Pass@1234","u2602201654560322@example.com"
"u2602201654560323","Pass@1234","u2602201654560323@example.com"
"u2602201654560324","Pass@1234","u2602201654560324@example.com"
"u2602201654560325","Pass@1234","u2602201654560325@example.com"
"u2602201654560326","Pass@1234","u2602201654560326@example.com"
"u2602201654560327","Pass@1234","u2602201654560327@example.com"
"u2602201654560328","Pass@1234","u2602201654560328@example.com"
"u2602201654560329","Pass@1234","u2602201654560329@example.com"
"u2602201654560330","Pass@1234","u2602201654560330@example.com"
"u2602201654560331","Pass@1234","u2602201654560331@example.com"
"u2602201654560332","Pass@1234","u2602201654560332@example.com"
"u2602201654560333","Pass@1234","u2602201654560333@example.com"
"u2602201654560334","Pass@1234","u2602201654560334@example.com"
"u2602201654560335","Pass@1234","u2602201654560335@example.com"
"u2602201654560336","Pass@1234","u2602201654560336@example.com"
"u2602201654560337","Pass@1234","u2602201654560337@example.com"
"u2602201654560338","Pass@1234","u2602201654560338@example.com"
"u2602201654560339","Pass@1234","u2602201654560339@example.com"
"u2602201654560340","Pass@1234","u2602201654560340@example.com"
"u2602201654560341","Pass@1234","u2602201654560341@example.com"
"u2602201654560342","Pass@1234","u2602201654560342@example.com"
"u2602201654560343","Pass@1234","u2602201654560343@example.com"
"u2602201654560344","Pass@1234","u2602201654560344@example.com"
"u2602201654560345","Pass@1234","u2602201654560345@example.com"
"u2602201654560346","Pass@1234","u2602201654560346@example.com"
"u2602201654560347","Pass@1234","u2602201654560347@example.com"
"u2602201654560348","Pass@1234","u2602201654560348@example.com"
"u2602201654560349","Pass@1234","u2602201654560349@example.com"
"u2602201654560350","Pass@1234","u2602201654560350@example.com"
"u2602201654560351","Pass@1234","u2602201654560351@example.com"
"u2602201654560352","Pass@1234","u2602201654560352@example.com"
"u2602201654560353","Pass@1234","u2602201654560353@example.com"
"u2602201654560354","Pass@1234","u2602201654560354@example.com"
"u2602201654560355","Pass@1234","u2602201654560355@example.com"
"u2602201654560356","Pass@1234","u2602201654560356@example.com"
"u2602201654560357","Pass@1234","u2602201654560357@example.com"
"u2602201654560358","Pass@1234","u2602201654560358@example.com"
"u2602201654560359","Pass@1234","u2602201654560359@example.com"
"u2602201654560360","Pass@1234","u2602201654560360@example.com"
"u2602201654560361","Pass@1234","u2602201654560361@example.com"
"u2602201654560362","Pass@1234","u2602201654560362@example.com"
"u2602201654560363","Pass@1234","u2602201654560363@example.com"
"u2602201654560364","Pass@1234","u2602201654560364@example.com"
"u2602201654560365","Pass@1234","u2602201654560365@example.com"
"u2602201654560366","Pass@1234","u2602201654560366@example.com"
"u2602201654560367","Pass@1234","u2602201654560367@example.com"
"u2602201654560368","Pass@1234","u2602201654560368@example.com"
"u2602201654560369","Pass@1234","u2602201654560369@example.com"
"u2602201654560370","Pass@1234","u2602201654560370@example.com"
"u2602201654560371","Pass@1234","u2602201654560371@example.com"
"u2602201654560372","Pass@1234","u2602201654560372@example.com"
"u2602201654560373","Pass@1234","u2602201654560373@example.com"
"u2602201654560374","Pass@1234","u2602201654560374@example.com"
"u2602201654560375","Pass@1234","u2602201654560375@example.com"
"u2602201654560376","Pass@1234","u2602201654560376@example.com"
"u2602201654560377","Pass@1234","u2602201654560377@example.com"
"u2602201654560378","Pass@1234","u2602201654560378@example.com"
"u2602201654560379","Pass@1234","u2602201654560379@example.com"
"u2602201654560380","Pass@1234","u2602201654560380@example.com"
"u2602201654560381","Pass@1234","u2602201654560381@example.com"
"u2602201654560382","Pass@1234","u2602201654560382@example.com"
"u2602201654560383","Pass@1234","u2602201654560383@example.com"
"u2602201654560384","Pass@1234","u2602201654560384@example.com"
"u2602201654560385","Pass@1234","u2602201654560385@example.com"
"u2602201654560386","Pass@1234","u2602201654560386@example.com"
"u2602201654560387","Pass@1234","u2602201654560387@example.com"
"u2602201654560388","Pass@1234","u2602201654560388@example.com"
"u2602201654560389","Pass@1234","u2602201654560389@example.com"
"u2602201654560390","Pass@1234","u2602201654560390@example.com"
"u2602201654560391","Pass@1234","u2602201654560391@example.com"
"u2602201654560392","Pass@1234","u2602201654560392@example.com"
"u2602201654560393","Pass@1234","u2602201654560393@example.com"
"u2602201654560394","Pass@1234","u2602201654560394@example.com"
"u2602201654560395","Pass@1234","u2602201654560395@example.com"
"u2602201654560396","Pass@1234","u2602201654560396@example.com"
"u2602201654560397","Pass@1234","u2602201654560397@example.com"
"u2602201654560398","Pass@1234","u2602201654560398@example.com"
"u2602201654560399","Pass@1234","u2602201654560399@example.com"
"u2602201654560400","Pass@1234","u2602201654560400@example.com"
"u2602201654560401","Pass@1234","u2602201654560401@example.com"
"u2602201654560402","Pass@1234","u2602201654560402@example.com"
"u2602201654560403","Pass@1234","u2602201654560403@example.com"
"u2602201654560404","Pass@1234","u2602201654560404@example.com"
"u2602201654560405","Pass@1234","u2602201654560405@example.com"
"u2602201654560406","Pass@1234","u2602201654560406@example.com"
"u2602201654560407","Pass@1234","u2602201654560407@example.com"
"u2602201654560408","Pass@1234","u2602201654560408@example.com"
"u2602201654560409","Pass@1234","u2602201654560409@example.com"
"u2602201654560410","Pass@1234","u2602201654560410@example.com"
"u2602201654560411","Pass@1234","u2602201654560411@example.com"
"u2602201654560412","Pass@1234","u2602201654560412@example.com"
"u2602201654560413","Pass@1234","u2602201654560413@example.com"
"u2602201654560414","Pass@1234","u2602201654560414@example.com"
"u2602201654560415","Pass@1234","u2602201654560415@example.com"
"u2602201654560416","Pass@1234","u2602201654560416@example.com"
"u2602201654560417","Pass@1234","u2602201654560417@example.com"
"u2602201654560418","Pass@1234","u2602201654560418@example.com"
"u2602201654560419","Pass@1234","u2602201654560419@example.com"
"u2602201654560420","Pass@1234","u2602201654560420@example.com"
"u2602201654560421","Pass@1234","u2602201654560421@example.com"
"u2602201654560422","Pass@1234","u2602201654560422@example.com"
"u2602201654560423","Pass@1234","u2602201654560423@example.com"
"u2602201654560424","Pass@1234","u2602201654560424@example.com"
"u2602201654560425","Pass@1234","u2602201654560425@example.com"
"u2602201654560426","Pass@1234","u2602201654560426@example.com"
"u2602201654560427","Pass@1234","u2602201654560427@example.com"
"u2602201654560428","Pass@1234","u2602201654560428@example.com"
"u2602201654560429","Pass@1234","u2602201654560429@example.com"
"u2602201654560430","Pass@1234","u2602201654560430@example.com"
"u2602201654560431","Pass@1234","u2602201654560431@example.com"
"u2602201654560432","Pass@1234","u2602201654560432@example.com"
"u2602201654560433","Pass@1234","u2602201654560433@example.com"
"u2602201654560434","Pass@1234","u2602201654560434@example.com"
"u2602201654560435","Pass@1234","u2602201654560435@example.com"
"u2602201654560436","Pass@1234","u2602201654560436@example.com"
"u2602201654560437","Pass@1234","u2602201654560437@example.com"
"u2602201654560438","Pass@1234","u2602201654560438@example.com"
"u2602201654560439","Pass@1234","u2602201654560439@example.com"
"u2602201654560440","Pass@1234","u2602201654560440@example.com"
"u2602201654560441","Pass@1234","u2602201654560441@example.com"
"u2602201654560442","Pass@1234","u2602201654560442@example.com"
"u2602201654560443","Pass@1234","u2602201654560443@example.com"
"u2602201654560444","Pass@1234","u2602201654560444@example.com"
"u2602201654560445","Pass@1234","u2602201654560445@example.com"
"u2602201654560446","Pass@1234","u2602201654560446@example.com"
"u2602201654560447","Pass@1234","u2602201654560447@example.com"
"u2602201654560448","Pass@1234","u2602201654560448@example.com"
"u2602201654560449","Pass@1234","u2602201654560449@example.com"
"u2602201654560450","Pass@1234","u2602201654560450@example.com"
"u2602201654560451","Pass@1234","u2602201654560451@example.com"
"u2602201654560452","Pass@1234","u2602201654560452@example.com"
"u2602201654560453","Pass@1234","u2602201654560453@example.com"
"u2602201654560454","Pass@1234","u2602201654560454@example.com"
"u2602201654560455","Pass@1234","u2602201654560455@example.com"
"u2602201654560456","Pass@1234","u2602201654560456@example.com"
"u2602201654560457","Pass@1234","u2602201654560457@example.com"
"u2602201654560458","Pass@1234","u2602201654560458@example.com"
"u2602201654560459","Pass@1234","u2602201654560459@example.com"
"u2602201654560460","Pass@1234","u2602201654560460@example.com"
"u2602201654560461","Pass@1234","u2602201654560461@example.com"
"u2602201654560462","Pass@1234","u2602201654560462@example.com"
"u2602201654560463","Pass@1234","u2602201654560463@example.com"
"u2602201654560464","Pass@1234","u2602201654560464@example.com"
"u2602201654560465","Pass@1234","u2602201654560465@example.com"
"u2602201654560466","Pass@1234","u2602201654560466@example.com"
"u2602201654560467","Pass@1234","u2602201654560467@example.com"
"u2602201654560468","Pass@1234","u2602201654560468@example.com"
"u2602201654560469","Pass@1234","u2602201654560469@example.com"
"u2602201654560470","Pass@1234","u2602201654560470@example.com"
"u2602201654560471","Pass@1234","u2602201654560471@example.com"
"u2602201654560472","Pass@1234","u2602201654560472@example.com"
"u2602201654560473","Pass@1234","u2602201654560473@example.com"
"u2602201654560474","Pass@1234","u2602201654560474@example.com"
"u2602201654560475","Pass@1234","u2602201654560475@example.com"
"u2602201654560476","Pass@1234","u2602201654560476@example.com"
"u2602201654560477","Pass@1234","u2602201654560477@example.com"
"u2602201654560478","Pass@1234","u2602201654560478@example.com"
"u2602201654560479","Pass@1234","u2602201654560479@example.com"
"u2602201654560480","Pass@1234","u2602201654560480@example.com"
"u2602201654560481","Pass@1234","u2602201654560481@example.com"
"u2602201654560482","Pass@1234","u2602201654560482@example.com"
"u2602201654560483","Pass@1234","u2602201654560483@example.com"
"u2602201654560484","Pass@1234","u2602201654560484@example.com"
"u2602201654560485","Pass@1234","u2602201654560485@example.com"
"u2602201654560486","Pass@1234","u2602201654560486@example.com"
"u2602201654560487","Pass@1234","u2602201654560487@example.com"
"u2602201654560488","Pass@1234","u2602201654560488@example.com"
"u2602201654560489","Pass@1234","u2602201654560489@example.com"
"u2602201654560490","Pass@1234","u2602201654560490@example.com"
"u2602201654560491","Pass@1234","u2602201654560491@example.com"
"u2602201654560492","Pass@1234","u2602201654560492@example.com"
"u2602201654560493","Pass@1234","u2602201654560493@example.com"
"u2602201654560494","Pass@1234","u2602201654560494@example.com"
"u2602201654560495","Pass@1234","u2602201654560495@example.com"
"u2602201654560496","Pass@1234","u2602201654560496@example.com"
"u2602201654560497","Pass@1234","u2602201654560497@example.com"
"u2602201654560498","Pass@1234","u2602201654560498@example.com"
"u2602201654560499","Pass@1234","u2602201654560499@example.com"
"u2602201654560500","Pass@1234","u2602201654560500@example.com"
